estructura,orden_insercion,n,m,repeticiones,media_segundos,std_segundos,outliers_descartados,altura_estructura
Lista,ordenado,100,100,10,0.00018145000794902443,4.8185395558723865e-06,0,
ABB,ordenado,100,100,10,0.00033940000575967134,6.81516289911309e-07,0,100
B+,ordenado,100,100,10,0.00021921111167305044,1.219575537035163e-05,1,5
Lista,aleatorio,100,100,10,0.0005940000002738089,5.2269283549598545e-05,0,
ABB,aleatorio,100,100,10,9.26499953493476e-05,3.529171409723505e-05,0,12
B+,aleatorio,100,100,10,0.00011168889209835065,8.373279348341523e-07,1,5
Lista,ordenado,1000,100,10,0.005154780007433146,0.00014815383811275654,0,
Lista,ordenado,1000,500,10,0.02012586999917403,0.008060074376042965,0,
ABB,ordenado,1000,100,10,0.006541400003091742,0.00020765467729159853,1,1000
ABB,ordenado,1000,500,10,0.03325611110388612,0.00313794269672025,1,1000
B+,ordenado,1000,100,10,0.00014491111505776644,6.546855058181453e-07,1,7
B+,ordenado,1000,500,10,0.0009030099958181381,0.0002614563673951079,0,7
Lista,aleatorio,1000,100,10,0.001964133323377205,0.00013027976633175252,1,
Lista,aleatorio,1000,500,10,0.00991253333631903,0.0015750009215971792,1,
ABB,aleatorio,1000,100,10,0.00010070000361237262,4.924274319998429e-07,1,21
ABB,aleatorio,1000,500,10,0.0004826500080525875,6.302065257568529e-06,0,21
B+,aleatorio,1000,100,10,0.0003024099976755679,1.7330601104427323e-05,0,7
B+,aleatorio,1000,500,10,0.0015495200001168995,6.180508823154754e-05,0,7
Lista,ordenado,5000,100,10,0.02780108887883317,0.00043973178696738,1,
Lista,ordenado,5000,500,10,0.0933452099969145,0.03565593880982787,0,
ABB,ordenado,5000,100,10,0.03518276666808459,7.428223649360444e-05,1,5000
ABB,ordenado,5000,500,10,0.13704982000635937,0.040454027024769815,0,5000
B+,ordenado,5000,100,10,0.000355077778092689,1.8543319121285548e-05,1,8
B+,ordenado,5000,500,10,0.00087281110851715,1.2094048321080787e-05,1,8
Lista,aleatorio,5000,100,10,0.020332920004148037,0.00811133937979108,0,
Lista,aleatorio,5000,500,10,0.12633395555894822,0.0003694373882745754,1,
ABB,aleatorio,5000,100,10,0.00024032222184663018,1.2843025434431477e-06,1,27
ABB,aleatorio,5000,500,10,0.001168633339047018,5.738875620275141e-05,1,27
B+,aleatorio,5000,100,10,0.0003411999981229504,7.070987892335479e-07,1,8
B+,aleatorio,5000,500,10,0.0009136111087476214,2.728526723630985e-05,1,8
Lista,ordenado,20000,100,10,0.03741785555353595,0.00023228429868925294,1,
Lista,ordenado,20000,500,10,0.4969285444369436,0.025060731753887646,1,
ABB,ordenado,20000,100,10,0.07349032221827656,0.00031078761646543683,1,20000
ABB,ordenado,20000,500,10,0.5231120400188957,0.12689952788024067,0,20000
B+,ordenado,20000,100,10,0.0004133888869546354,1.6250182500806292e-05,1,10
B+,ordenado,20000,500,10,0.0018033700005616992,0.0003421597390502912,0,10
Lista,aleatorio,20000,100,10,0.06777483999030665,0.0337778536497,0,
Lista,aleatorio,20000,500,10,0.39696685000089926,0.12225911423578477,0,
ABB,aleatorio,20000,100,10,0.00014402222586795688,1.0317224809041247e-06,1,34
ABB,aleatorio,20000,500,10,0.0007044999963707394,9.603644172520631e-06,1,34
B+,aleatorio,20000,100,10,0.00040828889339334436,1.6788824484258134e-06,1,10
B+,aleatorio,20000,500,10,0.002203729999018833,0.00024405248129614725,0,10
Lista,ordenado,50000,100,10,0.2051921100122854,0.08134786872331973,0,
Lista,ordenado,50000,500,10,1.04980157999089,0.2879310127522085,0,
ABB,ordenado,50000,100,10,0.3793651899963152,0.023171285934361303,0,50000
ABB,ordenado,50000,500,10,1.6543825111196686,0.10837318591583742,1,50000
B+,ordenado,50000,100,10,0.0004300444399834507,7.382601704686618e-06,1,10
B+,ordenado,50000,500,10,0.00235640000189758,0.00021376995647543105,1,10
Lista,aleatorio,50000,100,10,0.2384087500104215,0.07284318506738821,0,
Lista,aleatorio,50000,500,10,1.2213122199929785,0.28996591085710266,0,
ABB,aleatorio,50000,100,10,0.00031119000050239265,2.6547469410871313e-05,0,40
ABB,aleatorio,50000,500,10,0.0016795100003946573,0.0002103944930383762,0,40
B+,aleatorio,50000,100,10,0.0004605999953734378,1.6204016512858426e-05,1,10
B+,aleatorio,50000,500,10,0.002508349996060133,0.00025409129913032014,0,10
